enso,8056149
geller,1177841
dwi,7317917
daco,8862937
pro,4835447
kaid,5867950
morio,3935631
quif,7833713
senna,7119492
oww,7624776
omo,7435503
rotan,10116337
capi,5587379
fal,9564400
denna,7232575
colu,2397808
zimmer,2050839
cobu,6889003
koro,9630199
sanna,9475093
endi,5259538
kenedy,9744798
hb,3733132
azelia,5342491
coo,7791007
ou,1581772
kovar,6321932
shast,2320113
powe,4520834
mam,7118013
meco,3824193
kray,6938932
bai,4605886
vagel,4966268
chares,5376826
barreta,2598433
crig,6279519
bred,1116167
ziz,8429291
on4,6139373
ckx,5956000
marys,4982652
tumor,3309259
aila,6320234
ghodbane,7699739
edo,1914996
zaidi,968012
wicki,7344420
milky,2078401
javi,8260491
oni,9182514
fao,7373317
cocs,6366749
ecsc,1138143
zori,1103306
oau,402983
doo,2516079
maneur,6890456
ak,979820
boro,52216
nicky,131484
mida,853536
zaki,3208350
saul,4102863
kami,2219900
yoni,3426087
foward,5217167
barry,1369672
topas,9582042
serna,1198922
onj,6143303
cwu,3002638
tsubo,2146965
falacio,6612994
cxo,8557708
barrets,9269948
garrard,2598417
maris,2160016
henjy,8168698
nray,2329649
msla,2056555
nexta,6584663
jwu,10004989
doco,3189634
co,10010023
gerry,336938
aha,4204221
olar,7174119
zard,6259742
lames,3077240
pno,4868306
kell,1086686
clx,8679131
indo,7858433
jap,10087863
takada,9924115
lamf,6749892
plex,6669263
sawa,4943430
givex,2417316
oyu,9850602
oak,1667198
charles,3496986
bbnet,1486548
owea,6722943
coz,5137157
poor,5457494
hali,8173073
coc,3516953
garry,3056755
rodrguez,4896789
gasser,7111476
crna,9224381
kaui,490724
dda,3668524
jamis,1272986
petst,3462500
wide,9861005
prsa,9855534
carbon,1155258
zadd,8069898
wisv,3882589
llex,8797098
gia,5516362
boca,6070886
tiaga,9469668
qum,494045
apalo,6738826
botan,3791190
scotland,4738138
ncor,1458387
aniz,1329802
hop,6745671
mae,5539084
egic,2441563
oesc,5983929
serif,1285773
joses,5495487
saap,7007490
kollar,1434802
tugor,4633736
joh,5714808
warrick,7477970
al lopez,1308739
beuchamp,7398587
convex,5482375
esta,5916494
jot,7379520
fe,5558657
shult,9448115
vones,2763099
faha,442194
joni,5939091
jaba,1020039
nooa,7904938
prno,1571248
owk,295241
amba,7136629
cusin,608512
prmo,3219173
dio,9847470
imar,9183930
wlex,9377488
giga,6592552
sante,6291983
retna,7743769
selen,6963561
paolo,269521
dot,6865098
koler,3841141
mcore,8766507
zro,2530924
cedc,8660953
amar,4776971
zora,1050823
dila,5754925
esman,2370898
sfha,3172228
eo,9258629
crys,5103887
kake,9803075
lehmann,2072551
oeo,404159
hila,10072097
tak,2644413
h1,7164066
rowan,2720111
barnette,6341088
leite,9438853
elson,3630729
pcso,8396279
kenna,6091428
nae,7158869
dames,6648235
rayna,5396445
tomar,4195867
ferdinand,7830471
dowsing,6708227
lox,4104553
palo,1286187
wolfs,7865820
rodan,6374950
locs,3658295
free,479395
parlo,10126323
marse,7467064
jarba,9380039
terrr,7936232
saa,8661677
reges,4173434
gcen,4323312
ravl,2051726
top,2510876
kndo,9640866
barony,6023580
mcbride,1023234
oli,6262527
faz,2497676
proo,5879615
sensa,5975287
tevet,1684007
mrna,2275404
maui,56765
lewes,4161597
danze,5790059
enro,1506512
said,8375936
emenson,4343913
berry,6345566
kuya,2094797
acuna,2969239
darry,3128948
roro,3101015
mati,7810683
poka,3858586
cri,2930550
ronald,1051634
h7,323042
cmx,6672944
zoo,9459366
sead,9391472
joaquin,3080516
yani,3524223
hanks,3822985
mesis,10101673
make,2941242
gali,487091
mlm,3410070
thomason,2717941
figo,360124
ahm,2519111
abano,6453680
aimr,9800558
poso,2559050
petet,3085417
serrotta,1583949
barel,3655357
kloss,8756888
vae,7856046
coward,7348651
heiny,4899315
xvi,7647560
namib,1947345
pose,6046977
dira,4586051
tiago,5396064
oh,8284014
keco,6659458
jaquin,10025555
aida,2203700
massa,9142847
edco,2705943
tomax,2582574
diwa,386372
zoller,9658721
baste,5396099
unce,5498256
jok,1979504
cing,463574
hpth,2291007
azit,7438463
wrse,8015218
kurt,8768097
buros,2148735
lennon,3492368
mores,878832
dox,1851272
blazer,8998278
zamba,5616259
vowel,2515210
frd,8539635
olcc,2599400
bop,1288938
tonz,7570480
tovas,4146306
figi,2535352
nyala,7850256
mil,1690636
cafe,6681748
ssad,8501906
feita,1436690
omax,6711804
cubanas,6341081
rodrigue,3127161
ino,4224281
lila,1791618
nasser,7786659
romney,3741142
loco,3191778
mils,9778105
sones,10117722
albright,7548724
irso,1733521
maces,7083661
frid,6838192
fares,3557894
nlic,1993887
mira,4399612
mdla,749172
bech,3231491
meire,6864364
ow,2954969
kepler,4944040
balayan,8310612
pak,4771934
peruzzi,2818589
yahii,1372586
dego,8504418
majuro,9181847
toli,6191753
caha,3513543
jama,8250941
bova,6612817
barnetts,4515329
oen,7701857
lope,9467595
deci,3996872
ricardo,6609830
polek,5668009
sope,10113537
enyo,7271568
jensen,6434587
marus,5111136
luan,3863494
zeita,1808386
sada,9627132
ono,8216276
roxan,9269881
ppe,8400903
amex,7458617
fise,2397995
baretta,1443984
henry,5167199
lakin,4449414
nack,7733532
abelia,8345555
wolof,5438996
deko,5911600
harry,371495
grouch,8409000
palucio,8838127
cogic,55253
basti,3073144
cerry,8976025
co3,5869244
mossad,5084554
wkse,8013916
kova,8430491
cros,8487799
hablo,9374839
hp,533839
mohre,4545029
po,7081079
saudi,9289001
io,1352605
emerson,1735226
shevchenko,1191398
oaha,3959185
patit,7088579
topic,3169391
cafp,243413
campbell,6366291
hv,913116
kmar,2545650
shunt,1945050
waji,952413
ayava,3085931
raha,7604589
viera,723890
ccis,4532078
glem,3601521
feric,5257870
toker,3280551
mennon,7201220
maom,3606626
qop,8154092
monica,9229930
zo,2580529
thelbald,3985644
nior,3850294
comrad,6858237
cpx,7547393
atala,5190139
lehmans,8714451
terra,4580712
wolff,5247041
gavilan,1041140
cess,500946
gram,3381838
fued,1359073
quale,211528
teago,6607528
hu,7644639
kno,8500908
cruspo,8400078
thomson,9668160
khel,4300112
palm,6111423
scotlnd,9080617
mope,7081033
mabel,7500213
dod,2043391
kuat,4192579
friedrich,1285011
figh,7687052
chine,3827393
kuji,6086960
caiu,1550454
umerton,5041939
senn,7572231
nsta,96925
ones,9461438
srso,1260258
crib,998611
mahi,2484624
kahu,6545025
mris,173506
cno,10098611
barona,1262563
gilbert,4153538
dol,2492224
mueller,1181599
gonzales,5675470
pape,4960743
mela,2600470
bek,1221325
nalm,9981016
hahn,7318768
gomem,1007403
jep,9272331
timner,4075187
acex,6515456
lannon,379472
ebson,5251824
koi,4732303
gaza,3052243
sedna,2649920
rodrigez,8851139
pr5o,7361253
laurence,9054937
kut,5404589
maii,4398907
rall,8332165
cnce,1192061
niguel,154773
box,7685444
wou,5089832
mak,268424
caul,7439123
names,9572838
pppoe,848541
fres,3924890
mia,5865403
nred,4373899
govom,538292
taha,1273736
kae,6502960
olsen,3114305
bat,6406457
cardon,10003235
noi,2149400
hd,1156908
enna,301427
joo,5320110
avex,5428621
dmi,250469
venna,7551868
tong,1881938
koval,7234383
jenna,5868575
nadc,2431932
uae,6309437
quin,7797648
walm,1506716
whitney,7902461
wisky,8767980
uo,6308097
romeo,834828
olc,1054402
howard,7399672
aae,5508547
doy,2651092
uddo,7912959
neta,7905712
fasta,5822095
heary,2993470
reco,1189164
iago,7614181
bap,5945013
fido,8762232
fig,1657720
topi,7407418
ruth,402721
gonsalez,3728852
hc,7185952
carone,5783627
yamin,9024944
dci,3808337
amil,1902054
fino,8825751
neville,7100380
zaid,6461449
lame,7729453
ppoe,837291
da silva,5229704
aviola,6255225
barnett,406219
uyt,9015422
kadiri,4972193
graf,1074447
howad,3472405
belic,9259206
jo4,5188283
b2k,319462
zono,2709343
raid,9256502
orso,4189625
cyfre,9494578
pox,8198007
lewis,9623872
eop,1062838
tomms,8401740
mila,2871034
lhm,3533202
gomer,3274378
door,6755230
edcon,2306248
zorn,4496893
cadill,2853766
paulo,9881546
york,3567698
gonzalez,1676204
frod,3432967
csc,3745029
soka,3063968
onk,4324432
france,2598913
ilito,2832110
millikan,2367732
hy,2138520
dina,8496162
mika,6632678
gay,600436
inci,10072007
cetc,336739
barrick,6449420
winky,7159275
ferd,7638954
vak,781940
pabo,6658541
eson,345814
seri,5933343
klode,4053242
oso,5327171
grasso,8165189
dente,8379821
zidane,5267942
jacq,3877832
oden,5725301
afe,2216132
monteil,6811426
akito,2197462
charmes,353523
dson,5850837
kail,6024710
fredrich,9171942
raul,9313189
totty,8122324
dane,8541805
qo,9033315
faq,6789600
otan,1904036
barret,5876493
cest,3158760
bafta,4536612
mwu,8478332
endo,5116839
jali,741463
hs,4374637
nadt,8970651
freo,3970107
rodney,6595970
juaquin,9412430
leyes,4817366
olgc,8047341
dor,1437872
lic,3492346
wipe,5387977
cares,8754303
jabba,6254313
massai,2695093
coco,1170011
andress,350020
alac,8797712
label,5062520
serc,920281
jcp,8250165
ares,7716919
ravi,8598851
doa,412191
gapi,5606852
mensha,9634242
tlen,9763676
fo,9338102
baf,8751858
fee,5501619
yanke,610875
marea,9207371
sop,5437776
kollel,9952349
basia,8832310
keira,2748041
vigel,2949085
pasta,10024801
sanco,7848840
bigo,1170419
coch,3283701
belki,1214018
fed,3439640
maduro,9219310
grap,5021937
sana,3968037
sena,4199286
emersen,2611238
mates,5163818
vietra,8854855
kop,6911511
basa,7946836
wolcott,3025546
babi,4419680
camu,3633576
mina,2886977
wae,9535285
hae,4028275
shrin,9248915
obu,2325
jck,5117309
saaf,3318394
paad,7172447
arosa,4269439
killer,3244934
yami,4755324
bwsta,1733130
jansson,8353026
matees,8193524
wahm,5192834
laquinta,2942065
vidio,1007047
milk,4851318
tila,1862372
polan,3326168
tompson,4995745
fyei,6236774
abel,6960665
convad,5451335
gmen,9563412
ojo,3370666
campell,2122013
maul,4393046
quix,8220811
romar,8041693
juanyto,4597280
dowling,7845039
jokes,1845207
seic,7357699
dragan,91237
nasta,8382879
holler,2266324
ching,8567824
boma,8105808
occu,228597
camill,5008114
wish,1813089
noos,3421268
togas,9414685
kwell,1408615
iop,3109762
wisd,1928877
danke,6225636
palacio,7163121
jambi,6569862
gajilan,2703180
alsou,2054965
sabel,2499443
miloseivc,9201301
baro,1665852
oqo,3890244
depo,326539
jena,5103834
popt,1077460
abiral,8017853
laid,3323008
luyt,4006675
eddo,4836164
kji,3640303
caid,5642443
heller,2129294
rena,4613005
cicu,1294388
bbk,7935510
gallan,2383942
kahn,5562228
roka,9137612
diago,3039183
cis,2374664
cois,2042993
duska,10129638
jmp,8473589
mop,9352719
gross,136868
jijung,210704
gra,1932920
pares,1429171
bamba,8266729
toxic,1628648
kolse,4630597
hutu,1774130
secna,5503339
dempsy,9549778
saia,9650021
ussah,6969366
coe,633778
popo,1546907
owr,8572520
boua,1736305
babyc,6332970
franc,2447772
kimmer,3998124
rail,4568903
deyo,399678
zones,5201418
dos,6876942
ncsta,5463058
miloz,6387566
quig,9573860
banone,5545611
whatley,6396278
aoex,2210786
ofuro,5678446
dones,46232
loc,879186
agassi,615456
swad,365170
gouro,5095483
sadd,9481825
ceca,2351205
glee,103658
ocen,241742
cor,8544778
zoso,2008740
yuan,3416237
olie,5556903
montie,7754420
dman,9788252
oren,2447993
banet,3567756
d. john,3242822
malo,8681360
fac,1965369
gowning,6111608
zeller,9554758
jolen,2865652
pablo,6987824
ronaldinio,9072388
ridic,5749814
ida,4910248
simmer,8465726
sadi,7426890
poke,6814938
massas,5564943
aop,7585689
mucic,4034118
bag,1846408
tazie,7812807
ooo,1912138
bobic,4542167
kehl,8715861
hange,9362843
zaie,4045207
rual,8896538
vesta,3354097
doro,1810027
aris,2922292
odic,10026446
mario,2897364
sancho,2578850
osu,8267067
quiz,546556
aimer,5119089
genna,9992301
dedo,1952473
mapm,9124700
joy,9793433
hawke,9512631
koni,4065252
diea,9565846
hq,9666090
belen,5853902
lomas,1903571
sonet,7590024
campbels,2284376
sigo,7899742
kinsy,4865341
alonso,1087881
dico,7320676
jevic,6220646
fa,3078623
dares,8698556
chong,2911934
roton,3163260
newell,2265255
habib,2238867
cafm,5440486
cod,1150571
owa,8935206
akazawa,3462543
groy,6218647
aros,1309639
hi,7537008
sahs,6224072
keia,1784674
casialas,4222025
zudor,772054
palou,7353521
bone,5378872
titie,69576
andersson,7709136
fue,6046509
issac,2396856
aapi,1228178
somic,7579685
o,9171591
sata,7602418
celik,5902005
wray,8058530
edwards,1461812
salac,6815563
kalam,6510162
balack,618855
alari,9029185
akoo,3376455
tomic,3032663
said,8375936
yorks,6766732
habig,4698647
noor,6033169
ferry,4247538
vidia,9122260
alee,5961840
crei,1303121
milg,5052685
lares,2134282
dillar,5061821
olu,3619626
ioi,8822863
aoi,2819224
crue,1719299
malt,5916977
vieora,7504814
once,2708809
wisn,7411043
kalan,3263399
shoko,900698
rutan,292881
hm,8824526
jrp,6254517
akane,9995570
yrei,3160266
aruz,8158341
vidc,575497
habel,9925962
erna,4535232
bonet,8071813
james,9236691
odo,830978
gry,4439412
rancho,207633
figa,735125
kal,1377405
boga,9132719
cabanas,8080154
paelo,9136101
joles,2323129
edmac,869238
oop,2930188
mno,8059310
waha,5718625
jame,6221597
ower,5791265
ronaldihno,1101953
bota,2514492
dceo,4042535
janba,3534419
boko,533131
metzeler,3125052
boks,4059679
clic,3605575
mamba,1065591
tomat,235560
menah,8036607
bjk,3715960
ante,8924383
leois,9742400
lahr,2747974
outh,6614964
vop,6740492
poee,2101284
dennon,7721727
baroni,4335172
maik,4348796
pole,9888580
popu,981119
francs,9476093
alef,5893457
jua,7837270
grey,810761
crut,7904554
pimpone,3960989
wolfe,2769529
sak,150420
basel,6190523
klose,5553437
sidi,3630820
cucina,50838
masi,4208587
quit,924451
aul,565197
lamm,1936463
donavan,494271
oise,10055942
wesc,8054580
eila,7355212
cpcu,9683779
camba,3795174
dred,3169552
noon,9718923
abic,7844508
cesn,4643362
wixe,3153832
wse,409338
jams,4109758
frey,8931992
kehn,3394844
noo,7489031
maes,6542055
hn,9405661
ona,2256769
juan,653536
shmuel,3758701
wire,4832110
bdk,8173009
vakin,9869965
boda,2794878
roma,2033578
libery,565833
keeler,9033990
sasa,4896489
ketler,1993237
terr,6722210
lennow,9096141
islah,6607554
kaci,6474845
pante,3804781
pigo,903813
rooney,7112694
males,7594006
lovac,483178
luric,5821823
hox,1593307
kagi,2762693
jamus,8079708
toni,3986564
ateen,9168746
aiz,234595
maduko,5499292
wine,2839162
roi,9731125
amken,4456161
palbo,8125711
pso,2243028
haha,7130515
brige,8434724
kazi,9574559
huh,850025
jaco,5613128
kalos,7459891
faw,7603610
delo,1625093
kohl,1773865
pancho,1115102
svidersky,366051
meller,1927101
heny,1799304
nessa,1269300
vogel,202926
resta,1445171
lews,9331229
jons,7061208
namie,386660
wike,3745683
abib,6517801
eoni,4624108
fogel,9905500
ctis,3748274
doc,397133
malok,9161532
h3,105314
tesc,9617732
voges,4494371
gack,5428510
cadillas,9860493
ocu,401075
tray,8487505
co1,8555462
reina,3152986
toma,740027
jones,3171964
vieira,7764108
koiler,7646559
nesra,2568072
hope,6799046
milc,482246
yak,6283501
ameer,3429151
goni,5788849
kayac,4332892
dec,6298585
games,6510044
opo,2767054
testa,9728081
kalo,9800085
uris,5734034
mill,5128036
cric,9833714
inpe,6632194
jos,3459722
lmar,9614053
flex,2475249
jbp,3636097
soi,5593448
mack,359827
jonel,4058718
seina,2583057
grelle,2314899
cow,5720870
halm,5447487
fce,7256490
yahn,424281
milos,8178850
pillar,3068288
gary,603719
wares,5608963
prei,2515809
goi,4724862
moor,9767416
kesler,6844123
messa,6308016
vidi,6727124
omer,4322866
more,7470989
totti,3189014
beasley,4980433
koman,1786563
nill,2014687
ballas,8705803
olien,2521973
addo,8537637
ligo,3214973
bal,8744479
nauti,7516067
barrx,3381859
hush,8694824
did,1507416
redna,5590220
toi,6368295
yap,7135434
kaka,9569309
bimmer,754047
cabana,3567154
yoke,1976230
taki,4316234
madura,3106988
kila,8047027
olci,7547319
don,2018931
henri,7320790
mile,5215740
rise,4419198
gabel,2242016
rein,382996
amgen,698325
onn,5864899
ondo,5853954
caft,7043360
barly,4083466
coa,9002234
jakes,3703698
koko,6203109
wop,8646740
ownn,872095
alic,7768976
oiu,653428
wife,6979053
nakanawa,6815897
havi,4966170
heco,6773233
cris,5277550
crim,6710981
eco,1439505
owl,3838914
belek,8424809
saidi,3556161
barne,2254519
boet,7046752
janas,2704283
nady,8483945
amemia,2303919
dech,5616330
alex,585738
cahils,1783217
sroa,3744603
rack,4946120
convoy,5597205
romal,3202695
dawte,432053
robbin,597247
yahma,9286200
ceco,2338401
jaha,8359055
yop,4242023
liza,8890294
donovan,3778083
kolcer,709321
moors,1245123
zoni,3607072
wrings,5600407
bards,1744327
kohn,9024949
aames,2209439
eboun,8897777
ored,2982208
sila,9714798
hasta,7533366
ony,7636378
gamerra,2426492
lech,3526439
plso,3503147
jark,7913338
milosovic,1865651
geina,26840
deman,1239100
bagel,4859356
amern,1813209
jnes,9367758
kack,953786
barone,3533674
bas,3755017
lucid,2873582
wred,7694327
nafts,5609049
belin,7360617
anmar,7971219
basra,1266243
celina,7349938
manich,4259834
alx,6013905
cicinfo,4244758
parson,9829226
xlvi,3575461
wwu,4645221
col,1285933
linsky,4516107
mesc,721841
mise,7634503
jpo,1056072
tack,263693
wickd,5606472
keith,876460
klove,9065293
gox,9306457
bam,9854998
gwu,9042604
barons,7604521
cope,5259537
cjis,4398951
saba,7809558
tred,9403841
oto,1928417
cones,5769263
endy,2298460
inck,989832
naj,5779128
haggai,6172089
cof,9165105
cemc,7210112
owes,5933671
yahio,1607404
terri,2188599
acua,7703213
ayar,9547055
tomos,6643117
red,8630504
fago,969980
erso,4453604
amsou,8917438
uno,890581
wiss,1214781
comas,7262141
rina,3429884
dia,7731396
toas,4655050
dvda,8585196
celler,703553
milly,4599979
asta,8139781
jonson,4897008
hut,6201463
wize,10137252
billar,6435894
cocl,8150636
oken,161019
eman,2383964
hk,5856882
vigo,5760574
j pole,2838981
kili,782505
cuz,2304056
saam,4734145
aaha,5206831
wisp,288668
osic,1404029
voka,1914643
whitey,1661189
uth,6396077
jo,7956959
romac,7372702
hf,8152145
sna,5408077
andres,736314
grar,5749478
babee,5831940
cock,4233679
cole,8337504
alright,7537363
janes,2638996
gerard,4379910
maka,3420196
biffon,5554299
on5,7762356
paid,10146289
kiji,6571439
lawrence,5311830
milo,9975505
aki,2922792
bueller,2628119
eak,1827756
shad,9806698
kinsey,4635809
manche,116020
kegler,6515065
azio,400575
dgi,9329835
millar,6920768
millagan,1877217
ed mendez,3080902
mica,566036
disa,3750581
incd,6107691
iida,4011319
boaa,3514624
cesta,7027003
keima,5221172
eyes,8759258
maite,1831290
dco,4859402
omen,3060486
kigo,2414661
beckham,3526693
haake,240724
mcbrite,6802402
milico,2798625
muyt,884415
lesis,5370414
aley,7698182
wolve,431682
rivers,4157632
jansen,4786593
leis,7558734
arson,2685547
bmk,6573387
samarra,2256491
cop,9057939
grisso,1039237
saidi,3556161
dak,8972879
anderson,2459358
khan,1454932
adex,7750019
lock,3966789
rota,2480744
mensch,10049884
sctland,2595109
karson,5200165
nuan,7990984
devo,3780787
bronek,4043418
oon,717229
o'brien,5200793
ccx,3622129
jp,3809923
fabel,10000794
igo,5502885
barny,2020355
jetit,8420902
amah,9617896
zaidi,968012
covi,3659156
iablo,2699872
iddo,1303034
figs,9019118
own,9012516
akal,3340811
decx,481618
navi,1048104
hesc,9335502
odd,8456985
dsi,376862
ila,2678355
magnif,3030648
slotland,4623127
kellor,6484435
simic,7402598
chartes,2494094
fre,8818824
bak,8217375
quip,5218388
wick,7355144
tomis,8743424
naft,4667956
milita,6115831
tablo,2589934
kuhn,4360350
vaha,9292594
ricky,7769597
amelie,7379696
stedman,2579761
bosa,6251441
pimping,385252
owe,8672290
fico,6140315
amelia,7288499
"3red",4191212
bridg,7331896
glay,5299883
tonic,7685844
rodriguez,2955225
mars,6168647
kale,9469280
lop,3589011
romo,4611293
popl,1232271
adrians,7531210
barong,9421960
irna,7443495
kerry,9329427
ancho,7626951
lise,5695446
adassa,5398645
oven,1505133
conard,2786198
carlon,2829154
tsubi,3412209
cali,4706797
fugo,8914614
op,9339698
ebone,6467362
huth,398310
crsc,8180761
kewl,6834812
zack,3397337
ogar,2621253
cog,3607002
quem,2716669
crsi,895970
sand,2785344
milf,5211254
carmon,4187752
jan,3452788
tutor,2184954
close,8118078
nmil,5914819
beidge,8940009
kalq,3679574
onl,9675907
oio,6284244
pop1,7096064
gallos,3794852
galls,8811258
nasta,8382879
ont,5637339
jondon,7860776
callas,7935113
bagos,4146971
hanson,5922371
ceph,6099807
yorky,5902781
magi,9499946
mima,8493817
peso,243428
kahill,8565994
ong,5328962
geco,5567490
fred,4079176
grilla,1059691
inve,5548422
edan,10068569
farry,4226460
miguel,1354955
canson,582303
fahn,8282981
china,9115070
gerraud,2188118
maoi,5795862
kolher,4203774
gak,1361391
barns,9212589
gles,9661762
noob,1140103
bona,3355184
mala,3011922
davi,7469061
com,7783381
mossi,2171735
grad,1184053
fam,7715013
badone,5231906
grosse,8496103
pcpe,2420
deco,1613302
obo,6736901
piso,4784704
soad,2859166
bad,9050768
torry,8502669
zyro,7530642
paso,3062714
oogel,6346394
uker,6650622
no,9860592
bsk,6067071
nesba,7982250
nesll,7772659
adj,4145697
prs,8825873
tker,2739737
paul,3618597
roman,9707067
ando,8463739
camil,361092
arna,1805949
rutina,56421
oddi,3920007
kalas,4618381
lataby,7621745
nila,1447639
pwu,9927387
cesu,10083704
ovac,7332305
buffon,7033803
ocar,7984880
festa,9374069
odds,328142
mita,4097752
copic,6690110
shing,5943727
gaul,8827036
chales,6892134
roller,2189285
jou,7076997
banos,3656289
moure,6278060
saya,7478805
yaha,9237121
roan,5687284
morin,8956870
sancha,3886071
massda,5069100
romario,941071
sahm,6919949
coci,5443179
crit,9035410
knhl,8512053
weller,1262939
esc,4956163
gima,8955752
plaxil,8608419
ewards,7509302
bont,840203
giya,724135
jac,7720831
aoto,7311961
blaze,8722600
handson,9726646
temel,2608462
parades,6347290
preo,8998062
belk,4631851
hapi,3106920
reana,1177909
hissop,4935801
ons,5607071
guin,4281162
massat,632096
hank3,6456120
jamma,2147456
cnx,5495040
anex,413320
heinez,4906580
mudic,7540099
ronan,1333040
kann,6313249
serrc,5864944
opu,8983555
ooney,4497728
crotch,9485869
gisin,9444376
essen,1141305
gren,934650
mipa,7794010
ameen,3397667
zila,10123728
noni,5385105
busta,282400
fali,2621000
alec,8752986
klone,3607749
nesti,217394
kahr,8132577
pali,393870
nefi,6897791
tomah,9086089
rasak,8584134
roten,7041890
cabel,6041415
kenndy,10123887
friedrice,9295192
gome,5313195
quake,3540772
koli,3181623
cecg,2847377
bah,4394285
"0op",4832870
coca,7378739
covey,2912688
makl,2789876
yorae,1200631
prio,7973946
tamil,6051646
tudor,3273366
dti,2026954
poi,2520575
gisa,7470139
diaa,1489074
klos,3854127
serio,647817
nmail,9916681
pabco,3055564
oru,1172190
cnis,8977135
cich,9601568
mari,3609813
d. sanchez,7654636
charlas,8949211
jonas,7938081
nigo,83577
dji,938180
frano,9317021
ivet,1151316
sogel,7665389
wmse,4619310
sno,6389508
ccu,822843
capu,9165460
ojar,4478018
olo,8991143
zork,5923561
quis,10036223
frep,2679909
mases,7267967
bka,9145603
gqay,3728223
quik,2155967
nads,8545311
rei,5770264
guza,9017098
cece,1215223
polka,7853486
mareh,8489208
dog,2489037
namic,7747719
dou,1221938
mili,4307421
di,1510495
kai,4963034
cou,8531445
loi,1349389
wie,7432693
voi,9496531
mar,6369562
hanko,4357529
bakin,9595084
mako,1903355
abk,4411050
rohan,6551151
keh,2204980
nesea,8977360
villas,6972226
h4,4590362
manes,3810290
sehl,972359
tech,4653434
mulligan,2065030
curina,3113648
len,9212189
cisc,5479711
miva,3759365
wis,5284864
ilex,9323946
soko,173389
fan,4677534
sona,4598094
aid,8379670
aji,3689485
nocr,8905661
lamo,7672049
mali,5522864
maim,523210
ziza,9171326
domano,7609268
jacb,2671132
cch,6969437
raji,4212388
badel,8037991
makw,1455209
brary,5837065
hildebrant,9843541
heward,9133699
sahr,2061787
aliens,2778718
crespo,4570984
matfus,2111378
habb,6396890
kaho,2877148
yoro,1876942
cfsc,5946643
moeller,4889026
kari,2405061
dei,4189532
heinte,4541583
olin,10096801
monet,8343936
simi,6363840
blk,4690999
mallas,434239
hack,9352870
hh,4578919
craz,1409588
coy,8992167
arale,5021663
olio,7557589
soni,8884168
larson,1285176
redes,4918405
badj,4244547
nadh,8562535
becham,1200525
nsor,1920300
nami,4821152
feed,4498441
job,6945968
klou,9315594
stroller,7079563
asex,6486543
on1,7006300
milino,5959404
orar,6097101
keyna,7191113
reces,3770526
trei,2257560
eblue,7844027
newll,7643904
couc,6612145
tamara,1622967
nespa,3694461
gray,4520209
sox,1769166
nesta,3952687
babex,2970365
oore,8244656
riquelme,8869378
reyes,674280
pone,128686
helen,8217920
kalob,9526725
sunna,6752507
poe,5977753
cdx,1694626
sava,8522231
frasco,5808574
apale,652430
lennox,5353285
rna,2668863
bros,3201920
mehl,9301492
porin,10098889
oxo,9002113
ogo,3609871
allas,8009725
resna,1401531
fah,3623407
fei,1412347
bkk,8542377
soin,4502308
manice,2838192
asad,6533299
oman,7509783
delgado,9431357
caki,4307115
marks,9294413
kunt,8413209
bora,4138884
adrian6,9806483
bau,437072
laul,5025562
rae,6781703
gila,3496529
goka,9903419
k cole,5600962
romano,1034847
frinds,3250721
shaa,2922136
hx,5376348
gris,8364449
brodge,4670654
jehl,1305725
clen,4282894
ctch,1438202
qray,5730636
gomes,9087281
date,9224452
arry,2495497
koller,689117
dmda,5358513
iaha,4131885
oris,3772280
jlp,3563246
whitley,2483744
pones,6100652
martinez ga,4535492
on,5771473
zid,3246323
suna,6299010
incx,3479594
ozu,8554206
cec,6724693
nadi,7889326
tons,4979482
ranco,1275428
keyes,5664903
chins,634108
qim,4345583
terro,7285806
baron,2815622
vaid,2968705
gra3,1021865
oho,6383954
gigo,1773618
larry,7749762
bk,8118746
franch,8047453
ba,6726805
aaid,9161325
ranaldinho,1021634
lahd,807991
vedic,3725189
beazley,2760592
whitbey,7794708
dramas,2744320
koto,7778249
cking,2765449
babez,6252699
stoko,2386049
ciarra,1177443
didz,8551031
yack,8879925
mayes,944200
saea,4679876
wwen,1393832
meloy,4295029
milosavic,9088255
mess,4282306
rodrigues,1643103
bac,4419347
bpk,8951959
nisson,8454800
memel,4117320
onet,1767719
gleb,9832324
sae,179672
barrete,4636945
inge,6707987
reino,2492001
mox,9419621
cames,9641847
jop,1964251
crua,7661610
mapes,7985843
ooka,6492908
inte,7252077
hames,2227916
hoka,2444036
merton,4680200
crui,6676587
vida,8238034
barts,2169459
simco,8732058
piza,2748238
sandi,7005145
quan,3411767
lepis,9956651
mcride,5399055
fap,9585338
muki,4306565
cise,8177313
cenna,6317773
popn,9787832
jech,9038834
atsu,2030452
fabic,6377902
tomas,29265
canu,1655856
eris,5051516
wen,2943878
frek,6229509
pope,4707832
rogan,8308459
jaci,930019
rombo,6951239
omak,1174343
malev,8873426
lexis,4440359
jenson,4873966
xhing,7424522
ozen,6915899
rivet,10139914
kalar,4216370
nope,6071315
fop,2537120
fogo,2790810
edwardo,4636174
henny,4747229
pesta,4297716
devel,7119940
tori,7987213
henna,4901544
enzo,6851804
plasic,9094385
wotan,1652682
cmcu,5718138
frex,7777544
doj,6330188
shvechenko,6794390
gras,6457755
dfi,3222167
nafi,8603382
hj,8304951
ljungberg,8716104
melia,3493244
yahm,4553701
croch,5614215
bhk,8756272
dekel,9269243
nor,2678919
beauchamp,1256904
makalele,8919206
makes,1059066
inc,5012847
miya,1175527
moduro,5169565
jonson,4897008
oic,5000880
balagan,9119673
teni,8211188
trni,1470909
cvx,4586185
kohler,2670982
oedo,5389744
coro,9252427
mrosso,5340438
aox,7416523
seris,6081608
rakata,4091347
tanada,4996300
joc,6739594
dante,4520202
sarin,7118390
vox,9630328
fav,9008371
gallys,4324056
nida,2277967
barbetta,5140853
dsco,9310986
toki,8925772
yoi,4638672
basone,9296118
jak,4323254
dpco,4700993
modic,2734424
charley,8534300
sagd,5214805
pila,2906823
rowney,8704606
ioka,6007618
rouch,6848729
grao,1546902
dragba,79099
saca,5637402
ris,6553725
omah,9318598
fse,670466
aimax,218876
enco,1438523
sermc,2355515
eames,5272379
celc,8548840
dakin,1683929
dexel,1908807
pepe,8882666
babie,878100
ows,5908135
miaa,9635812
vadic,3666973
sina,1185827
dido,1276502
sah,2166067
dance,4527018
dyi,2106697
grulla,9600378
twu,6254676
api,4555713
meric,9555212
iseah,2572581
sori,1039172
cacu,905256
cccu,8644783
uop,6839074
ond,6520495
kahs,7017703
nood,5310636
ro,1136494
yahi,1597320
issa,7386396
totsi,5175911
jacr,1547931
kasser,7415739
missi,1816164
owv,2140474
komono,3262274
jack,8179321
cayu,7466203
sad,8272456
joan,3140222
carson,3069980
papi,4772307
quare,9313447
jun,6894939
evdo,9504209
incc,7766997
diara,4240919
mari,3609813
lehman,1416064
netsa,5548562
kuhl,2994907
gpsin,7791584
oka,2495041
scad,7323319
osen,7137511
qui,5217390
barr,9240691
heinze,6459945
fax,9673514
rosenberg,6449515
yorki,2705255
lavi,9877869
gotan,4829735
xox,8742180
oeu,7359124
tosti,7923881
lindane,1078211
galles,3164981
wacky,9334768
noof,7403709
polok,5318192
ope,9845146
kala,248097
chang,6531386
fames,7108454
mazi,2840540
fewell,8692479
gonazlez,6131811
emrson,6590561
hane,1932897
back,4556343
sack,10145761
zoi,1857583
torin,9521074
perry,8566160
baw,9112289
migo,9198205
paki,2516944
rasta,9459288
wo,3281310
konrad,6882190
schnieder,2903482
grab,6909323
horo,7926623
erson,4608821
pote,6745590
seco,10013538
obar,4465007
prsi,4371521
vo,5830788
cabalas,10027650
myres,2136904
lones,299709
roiben,2718819
popa,3261467
simso,1056461
cox,7729974
jeans,4394175
senders,169600
wisc,3012203
doller,7494876
gop,604763
maki,4794854
paros,3078209
noir,1165758
mensh,1128046
viveros,6423499
one,2193393
rau,1784666
balou,3061680
ht,8185168
karn,5111624
nafta,6321928
deca,6776679
ogen,402868
crespi,3349787
cebh,5894052
roni,4277988
jessi,7750847
dowzing,7124963
ae,4757905
heinz,521381
nesa,5643062
wak,2471011
cae,4742256
kelber,9604418
zahn,2125279
nehl,962005
eason,3723624
addo,8537637
gle,3055688
dehl,6422035
dow,774717
miga,7158728
tris,4796128
incy,3318255
h5,540238
delrado,2841187
crds,5478810
onr,7369962
botti,8615906
essian,9404922
lucie,892662
rares,4878370
crs,3299260
chinn,4938230
somao,2537981
hlth,1242523
adrian,1712287
olia,4632559
gysin,8334795
roor,7839935
komado,5382099
heina,7051763
gran,7421189
swu,7057255
lno,5853592
danie,7432906
kingson,6988794
sakata,7085872
crbs,4519392
yawi,3660477
nedved,1221539
walcott,7402815
milato,2079820
messi,7374431
saha,5329583
dallas,473936
admar,5739275
lam,10006846
ronson,5016536
grai,1068186
oigo,9592108
keyt,170564
lowis,3299971
kennedy,6014109
dfda,1881788
nooo,6241417
nado,5400498
carrack,983879
st john,3717787
convey,3050512
deck,6981338
wu,5152152
olson,4183473
toams,1219739
namba,6137772
fie,749765
crum,2834616
rees,3929220
graw,6647378
amada,7339377
edmap,5502918
murtari,8715271
mifa,5008691
adriana,2717746
cwis,2459981
joi,8290306
fa3,7030914
petit,6288429
xris,7388375
kita,7377076
dpi,5006958
ollen,3867836
pray,6522062
jon,7260895
janito,8755418
zoid,1915947
meito,4600886
coi,757701
sesc,870173
foe,5630809
raki,2621166
iope,3906086
beka,5676740
poro,891877
foi,4495992
coj,6515742
maha,1452345
reses,7068679
tony,10140987
dai,2357190
aljazer,4170338
xcvi,5829166
gza,6828380
kancho,801598
dri,8444668
baz,6118262
f5e,9789482
everson,1563617
eroic,1551615
mmlm,1736928
dvi,7193293
ceh,7634599
alcott,5123188
jades,5210684
saga,1299488
clsc,8958525
barcs,672789
mall,6402553
gerhard,3226589
cafl,2752457
alem,1951571
coupes,5310616
wolf,6239393
xante,6167504
branco,3025987
he,8533216
kakw,4639665
bar,9552374
sprin,512845
amyah,3703471
simac,5701693
jenss,4650861
peco,7556554
popg,7404953
fri,9234784
klac,9281567
so,9145489
roony,2134577
girrard,6081001
malk,3540075
juanito,4122698
alm,9338761
zoto,1613633
ruso,2292052
hise,4976504
tni,3209332
barrett,4912909
tomaa,3884643
baric,4049016
quie,5650775
trago,4573393
peasley,9116381
rasika,1490434
iwce,9735842
balta,2040213
samael,868834
maters,8118626
couch,7165335
vidie,8717788
nunez,1322581
blka,1103300
cak,3518357
dob,727294
edma,330724
yahir,4083794
bnk,10012084
tatti,6803796
crup,1380597
toro,472901
calm,7369629
aboh,7557817
epson,2881821
locc,1446395
oro,413878
wile,318421
oida,5031144
yai,6237431
serie,1700817
meine,5269657
thing,3025978
ramada,7689511
ronney,6701550
btk,4233916
debo,8747394
levis,5596344
lack,5103566
kiyt,5768489
amen,7170550
ooi,789626
bast1,806468
cdch,365146
ayana,4339354
alea,8066
kinky,426991
guan,1039641
azz,2925212
barby,3764747
sapd,4219508
tarry,4958449
cfcu,6137269
quid,202499
rwu,2873140
comu,5348046
oar,7022720
vicky,7713104
yaoi,8123746
ohen,2138482
ssha,9484268
ban,7211621
kelle,9579355
fhe,6308551
ursol,9263662
monika,5935910
arala,5312582
barre,391287
gallaz,285036
tavi,2255528
zoora,10083632
fack,400775
vigira,8852313
babel,3285565
robenson,5956609
masad,2171259
joq,1258155
lama,7789725
civet,1755104
bali,2001115
naid,174255
demo,7610939
wimmer,8711248
tiamo,7689699
tlex,1868282
blic,3662199
stna,8909840
raud,9530182
cred,1141935
timber,8436897
jvp,3960586
lams,3483374
caron,4952085
mcla,8725218
lamp,8868222
alel,8200696
sida,916085
ofo,7335254
desc,6324951
milb,4607701
kalai,6802628
wadj,3985143
aise,2437954
amoto,2013292
mages,4183266
babc,6517860
otic,6922487
pae,376945
doh,8641843
cafg,1539697
schnider,8491532
sorie,2141488
cambell,9875766
fad,8953276
nce,6924339
bride,7461276
tery,3675536
csx,4928391
chis,3323938
bars,3816416
dli,5615749
ral,4953912
colic,3547893
raad,2473272
jaide,4872633
quim,5091204
hanry,6027423
eno,8764845
naki,8509457
glin,5022175
owning,5779163
howar,5624948
nadn,8402698
jean,598656
hlex,8324360
fray,5276119
ared,1886248
cahn,8771023
kodac,6375211
cadrick,5708239
omu,4231684
pomano,4118598
bidge,3314569
nadd,9910506
fye,5488034
hienz,2305714
montrel,1969128
pipe,5017235
akari,139932
acuba,2220136
hansen,5037487
tae,9850212
amee,4421725
decc,2609877
yupi,1583761
gilligan,7875945
bones,7141723
gamil,3913533
kelley,2619400
casc,8855316
aad,2921556
volfe,8440039
weill,8034269
nwor,1631791
babci,7668361
caroon,6122395
senderos,8968402
gira,2284559
moose,2454114
sama,9369643
jenai,3757671
rocardo,796920
ali,6009428
eoka,2410703
msssi,3214546
bok,2333482
selna,5267620
mesei,5011201
eech,2485628
con,8202845
lo,2192713
villan,2899234
bata,9132417
end,9583842
urso,5874349
cpsc,6127378
crps,3891946
goro,7599994
willshire,6424624
hares,7104565
kexl,5056599
wigo,500803
trna,3092535
hoor,4033403
hotti,8833396
paleta,188937
sala,1684040
cresto,9081311
ronaldinho,905587
gae,6761370
timmeh,3504762
bik,7742841
nell,9649213
bris,10048269
sise,8712408
aak,5023977
bola,10099714
seril,8083882
makin,70908
alexanderson,979935
kli,8653580
lewin,573894
aares,1229552
erissa,1949038
aipar,3258076
yali,199862
rak,1471233
frgo,6432718
wiltshire,905495
reins,3568001
loca,3542846
cob,5009214
h9,2076924
mafi,6941047
inca,10137163
kolter,116609
parlo,10126323
drama2,3381733
pros,5552213
terry,5923250
pack,3881394
jod,1125671
bck,4286388
ko,5412386
guth,8709167
wise,8458552
loci,3585783
fridge,676071
downing,2686642
eric,195529
kris,6449395
bares,7351166
kani,761825
oo,2590974
oric,7456911
kan,7019525
nbsta,2537053
owc,383190
hanston,9542522
xack,5983869
joe,9319595
ddo,8865518
svmic,1726401
fat,1077521
myla,5034085
obrien,1018220
wole,6537867
paneira,503188
rida,55691
xray,4809811
covia,7923219
owu,8091292
crts,8910253
bofa,3760494
crud,9617377
loch,3400162
coh,178733
kasn,7998387
javes,7826089
omap,8444726
lucia,7633385
johnson,4741620
pops,1921641
essie,6706499
boi,3724154
jamba,6995905
toledo,1884643
buk,10073254
pola,1742920
jfp,1273319
gilberto,2150493
fas,9668662
woi,7579688
asha,5653147
legis,5341507
freq,6015346
reyna,54221
rso,10012055
scotlan,9919567
alonzo,9689560
rolfe,4806440
duric,8441522
peita,5658067
soris,1321112
kose,7653623
fren,2156157
saliens,4878648
tuni,3914163
srn,486030
kayou,5546305
voro,3826450
oi,6573162
fge,3678575
crouch,1578461
vise,9406534
jsp,6354743
ctx,2325656
binet,8661712
gen,7974425
schneider,8950253
crip,7710574
rotac,7644888
do,5373491
milon,4638625
honry,381457
dimmer,1709836
nak,344154
barretta,5892527
nest,9829238
neota,2844061
gamez,1555857
tokig,9545477
saac,1367928
neilk,4576020
cais,3395269
zox,8792616
fgo,7757203
cure,7355965
rings,7711041
caros,2808061
messy,5065736
tomac,1601553
keman,2576314
amalia,9625249
mtlm,8099423
gita,8932938
misa,3187934
diva,9533045
dii,8755192
ale,3948336
todi,2971439
maam,2557742
alek,7998207
saini,1811649
kalx,6851919
junes,8449358
mal,5198818
sames,275926
benna,2244453
timmer,1612973
nagata,8324698
venas,1436265
on2,7892220
zor,8411002
boner,8926672
mbbride,4596535
milosevic,3960506
remel,6241151
kali,8946691
ise,2882276
shut,4001148
acari,9573927
sallas,3597120
cesd,786378
mija,8043676
edron,4670330
coller,4559295
isiah,6658443
feller,6051831
hamada,11696
ljubija,530558
santacruz,6566238
popi,4855370
hw,1381993
hech,3141660
montel,556085
inde,9006274
basha,10020608
cach,2623134
borowski,9012438
gizm,6489286
ayala,584418
bayone,5723002
dali,1724286
dalek,3407632
hutv,3192087
zero,530672
reine,930286
cusc,9198613
drogba,1530771
ruan,6751796
giea,8185933
fila,9134740
bridge,7285284
baha,4911026
pida,9551154
charges,1131051
erman,4279318
mo,8122944
kairi,8310169
joj,2810404
iace,1602809
theram,6179430
nenas,2092569
nedll,1767559
given,2939224
silvestri,8234378
dicky,10055268
cvis,8697096
ech,8883098
rila,9396682
fau,6925289
iece,9823158
crus,1660150
open,9118698
klase,1404291
lakata,7533503
nail,6057974
cahill,3092582
voronin,2263675
hr,1423516
tizio,36532
mames,9745868
tones,1661267
cridge,3043139
sred,7474304
olak,4749952
lamb,6167329
civic,2850785
conrad,5101098
"4eyes",4009875
ray,6268725
basta,295224
banta,5640378
owbn,8476556
nox,7439316
lalac,5643382
huker,6302682
korin,2434759
bno,4826672
sewell,2966471
ribert,1272788
mamm,3794223
rotin,9516283
babl,6559283
chill,3824039
lida,3761127
zad,6890446
yo,8083388
muan,9265676
keller,9262137
samil,8056130
stad,9636316
ddic,8873495
kelker,906194
kames,3207714
hahnemann,7490993
crx,3144717
amenia,417047
ridge,5548775
toric,2122606
cras,7131152
sinic,5335950
moore,5673257
iris,3014710
togi,1877044
bray,7547928
hoi,9941852
renna,13669
toms,79388
bnka,3555042
dom,9480720
joes,8449520
give,7054593
somas,5413947
jkmba,671865
h,4631168
sdha,2330845
kel,9553324
samba,3171729
dop,1195212
yahi,1597320
smar,5885191
lex,6254985
tamaya,4644161
theobald,6241131
parry,1819171
esoue,3305999
galas,5833101
crux,8210416
malik,3982262
jerry,3252491
onc,9082258
calu,6799561
gogel,3882741
evson,4449354
tuner,7933784
hg,7594320
cecu,8801219
zonet,3523686
tokin,4662204
deo,812225
owt,2766440
timer,7989889
cesa,7990130
mooney,7626296
ack,4568293
rno,4023830
odi,8337806
mapi,10028824
o'brian,5949805
jian,7184928
ice,2043092
afex,3954777
pop3,1374794
yaul,5199883
rorney,8054966
babnl,286110
lamn,4712082
micky,8204556
bopa,3656398
maid,561492
tumer,4276494
jol,8599689
giua,1441303
co2,8490027
almar,9215958
fai,9068226
idda,7957585
dica,8181699
kokoman,2434203
nadl,8420888
beliz,8918936
nonet,4251963
tonti,1797551
babes,9029263
rop,7504485
mola,3046729
deller,1929068
sr7a,5430974
cru,889331
jacs,5947848
desel,4732401
diba,1519756
ayasa,7911970
carron,9252234
basic,335045
aaad,57250
bnet,3998785
mamarra,4656981
faf,9110510
guro,2006745
larone,5845371
mellita,5050769
habanas,3635836
tope,1384319
sjha,2580246
hl,5401971
takata,6976739
fno,2227167
nares,8796722
shutt,9745484
fwen,2170817
apex,5872229
owne,2323920
mauro,9493670
bridle,5693215
feri,9632502
dita,6109488
hris,4890726
hida,1457336
nabj,8417877
wafu,4166184
tamba,6255453
ayla,6728764
perazzi,3959586
oma,9496020
golff,4183713
yahaa,29171
ieco,9248486
maxi,3944971
eboum,9336688
makata,4550653
hanse,5215194
cx,2435627
muller,4990185
seha,5085205
hahm,9040549
ccsc,8820135
zak,8169005
samual,3377358
assad,254282
iwu,9426148
xavi,9697505
marry,4245747
vrso,6687694
saka,9151450
mddo,9088751
cpuz,2344547
tapi,2180288
pinsky,6365641
tone,118466
milt,4507431
kult,5843238
dect,4939481
ewu,8997554
prsd,1032183
yaha,9237121
fwe,9125896
hariri,10082255
mial,7887953
piolo,4583488
pove,6535794
omar,9728688
edward,4259580
toupet,8432681
erdic,2063698
nad,4095345
tevel,7622382
hery,4821241
mki,8934670
oku,4499699
ton,5656592
sard,9600570
juanita,4779256
talaban,5812248
dui,2859325
banke,5016860
lris,8499307
fae,884069
cok,3114938
ance,4529993
male,7101615
conve,830049
dhi,10085472
odu,2216715
jog,8505382
drama,7215730
ine,3303484
dada,10042437
sacho,3423854
comao,1750593
novac,6175389
baron,2815622
auth,2134364
beco,3698686
eeco,9980152
mares,408776
cscu,5871357
glsen,3583140
ceoc,4234201
xo,7709846
hank,7075967
dempsey,8120611
dris,7871591
ano,8438185
glen,8493853
cot,7620808
orings,3550343
focu,5693720
wyse,722882
didy,5049560
noka,5722588
hasson,1457801
gokou,4258834
saki,5834868
robinson,6239466
safa,1922547
oyo,1846088
hoth,4410361
eray,4662070
rope,5169770
esgic,3894358
frec,3130220
pardes,706825
akin,3102388
ames,6839361
go,7791010
domas,9455817
nakita,10107383
jamia,6264389
hunh,9609917
bae,4682589
wies,7391830
zogo,4152106
fdei,4528310
mazes,2962858
seller,4831554
onu,3685763
iarra,2351355
jom,4836810
pome,4457672
"8op",10130933
thompson,598677
hth,9110970
naha,6453792
filo,249761
h2,8572695
wicka,6616141
poce,453170
dahn,8360093
henru,3250865
tuor,6778726
mkla,9659469
sapa,2510279
terre,5853451
bab,3703506
ddi,8278452
bonee,9448031
zoro,4131277
enson,8549153
guay,8002406
cax,8785922
moviwa,8124285
toei,204281
pblo,2183823
mavi,9538740
balabal,6551393
bahia,6503661
decs,4472276
eamil,6606999
gaen,3081904
polad,341882
jewell,4236119
amoa,6730939
keel,9505740
takin,8000550
siha,976565
tares,5175707
kumano,729377
rotax,8406211
pirl,6577061
piro,5877793
nali,1721951
dae,3243147
andrews,936089
olib,5332989
fret,5043223
nari,2036385
polar,10125455
bao,7633140
ffe,5596238
wisk,685858
sanke,6859000
baone,1173464
kati,7971272
kkli,7087465
dbi,698991
far,7878689
quic,2810514
bo,4066809
rox,1439487
wack,7751431
seria,2102515
repes,4861309
inari,1234166
tobi,5373306
ao,1538250
mani,7005277
jobes,3528583
nilsson,2156565
inch,1255943
tombs,2956454
cosc,289286
ordo,6775211
fab,8181939
majek,7246408
atari,3728791
milh,1334494
mesi,6012518
dokic,1577491
barrs,6207756
inco,9994569
pallas,2521962
puso,8556407
ho,3354376
publo,9043045
pbso,4658630
relik,4224176
keil,9550069
baa,6982261
carton,2074375
kalw,324166
ameria,8917743
boba,6618743
blik,2381768
lennos,8878443
shusa,4641891
mbla,3447992
mech,5335880
csis,3249937
miley,7074736
graa,5073870
zorb,3491231
pop,4731002
mla,9369917
muth,6619787
jor,6379423
abaco,6737031
hones,7771669
cos,4059986
boa,8469063
sra,8961317
nade,7737985
fay,9063701
ces,6772409
ondo,5853954
onw,5037947
htth,7948777
corin,112633
gomez,3951302
avi,5074318
mres,6410874
nhsta,2909117
spidi,8033864
mai,2420751
lahs,7444873
milfy,9255029
samue,644617
robinho,5520486
oco,157118
lacio,9142089
jahm,5795017
cwx,5651434
teller,7453306
neil,1975956
kawi,4384456
meile,6003163
talada,7347293
poge,7698834
hz,3208919
cefu,5209990
medved,5314074
lazaridis,7114903
ox,8166581
habit,5817065
huts,3830535
yasi,6830987
lak,693132
lasta,9130256
rimmer,7736228
royao,3747937
h6,7064502
bay,9252694
odo,830978
chino,7588206
soctland,9427902
nakara,1918477
tago,3606668
bast,6162625
mensan,364304
lose,8293393
nop,9582344
diha,4554375
diarea,9369155
bauta,3868317
franco,2360680
c.ronaldo,247601
frie,9945026
nakama,8881235
nones,633422
acura,4412965
lahc,2397920
teco,2582648
meshi,5238719
kalb,1530304
odeo,4268505
milliman,6401277
gien,228824
moller,8951016
doe,6135762
dof,8538294
dooney,2740996
jock,1293742
reues,3291994
dope,530826
pasil,6717292
mylosevic,4780874
mami,6000180
aleo,10095810
cruz,4902310
landeau,8744926
klse,7320515
ceis,73594
gehl,7097852
heinle,8578897
soria,4689169
hugh,3001344
to,4636472
andrew,8766701
laki,8646228
icky,2187323
sha,5732044
cau,1332329
gotti,1654674
fne,8039671
paha,5618058
meuller,9093834
arei,7227838
cxx,1342875
plen,71219
fag,10119475
famil,7369401
bames,3039084
ferdnand,5784545
higo,2584192
moire,2208108
mite,6255803
tranco,3485869
nada,1302175
babe,3206228
oxen,4259119
comic,4002176
wicks,6396052
cesi,3350123
nice,6231043
polk,7095440
zolo,107795
mijito,4818207
baka,7925285
reyez,9846476
owen,1030765
samuel,5559596
onq,8537824
gina,2503919
baji,2068749
prsm,1030648
reika,6303120
frea,2514687
kloe,7268225
vidin,8897067
fte,10153024
hath,6706488
stueller,4929895
kicky,6884474
cov,5848317
nydj,5592511
faa,1589208
pavi,7510340
rhina,9853145
wilshire,4763144
pirlo,5772542
dodo,9824855
popp,8726657
everton,3292200
uaul,7677861
noro,4253659
yahoa,712490
wist,9951244
quia,3885225
flavio,5839281
sara,5176442
o0o,7004681
nakata,9737837
kolier,4911223
hanne,1862765
makelele,4033466
lae,9438181
aoor,7354763
joaqun,8704946
safd,3860702
gwen,5891410
bax,6343022
owel,2472351
saab,2361051
rovac,344043
barey,1251438
caceres,1972131
mare,8777330
mensa,8903297
dedic,7272933
wmar,1646814
oao,8771103
ronaldo,9478476
marcs,7418047
doi,4985986
cocc,6862162
elic,5635915
cresco,277734
iares,5679698
polak,4693684
chin,2353555
benik,8936732
eddo,4836164
fle,4872001
ciis,7834525
joor,1190892
malf,8640594
ha,4670073
fbe,1208027
fox,5770873
heery,1697658
moi,7367652
nesc,3966012
oor,4265589
coney,6408990
dni,9476195
zae,2003589
yakie,1503983
bav,8458220
brk,2510757
fringe,6369841
keit,5792691
pilo,5430
ameila,1625938
villa,8751891
rosenburg,3409494
baq,6779430
olmc,885233
tox,228827
pnce,817029
hake,1212451
jenks,429578
rovic,7760753
